16008 SKF,437,S.R.:297.16
1838001/C3 SKF,296,S.R.:201.28
1838001/C4 SKF,296,S.R.:201.28
1888180 SKF,1271,S.R.:864.28
1888451 SKF,1219,S.R.:828.92
306445 C SKF,954,S.R.:648.72
6000 SKF,145,S.R.:98.6
6000/C3 SKF,145,S.R.:98.6
6000/C3D8VG043 SKF,145,S.R.:98.6
6000-2RS1 SKF,197,S.R.:133.96
6000-2RS1/C3 SKF,197,S.R.:133.96
6000-2RS1/C4HTF7 SKF,197,S.R.:133.96
6000-Z SKF,158,S.R.:107.44
6000-Z/C3 SKF,158,S.R.:107.44
6000-2Z SKF,165,S.R.:112.2
6000-2Z/C3 SKF,165,S.R.:112.2
6001 SKF,141,S.R.:95.88
6001/C3 SKF,141,S.R.:95.88
6001-RS1/C3 SKF,178,S.R.:121.04
6001-2RS1 SKF,206,S.R.:140.08
6001-2RS1/C3 SKF,206,S.R.:140.08
6001-2RSH SKF,206,S.R.:140.08
6001-Z SKF,160,S.R.:108.8
6001-Z/C3 SKF,160,S.R.:108.8
6001-2Z SKF,164,S.R.:111.52
6001-2Z/C3 SKF,164,S.R.:111.52
6001-2Z/GJN SKF,164,S.R.:111.52
6001/HN3C3VG043 SKF,141,S.R.:95.88
6002 SKF,161,S.R.:109.48
6002/C3 SKF,161,S.R.:109.48
6002/C3H SKF,161,S.R.:109.48
6002/D8VG043 SKF,76,S.R.:51.68
6002-RS1 SKF,202,S.R.:137.36
6002-2RS1 SKF,220,S.R.:149.6
6002-RSH3/S00VG043 SKF,103,S.R.:70.04
6002-Z SKF,177,S.R.:120.36
6002-Z/C3 SKF,177,S.R.:120.36
6002-2Z SKF,197,S.R.:133.96
6002-2Z/C3 SKF,197,S.R.:133.96
6003 SKF,190,S.R.:129.2
6003/C3 SKF,190,S.R.:129.2
6003/C3HD8 SKF,190,S.R.:129.2
6003/C3L SKF,190,S.R.:129.2
6003-RS1 SKF,198,S.R.:134.64
6003-RS1/C3 SKF,198,S.R.:134.64
6003-2RS1 SKF,248,S.R.:168.64
6003-Z SKF,207,S.R.:140.76
6003-Z/C3 SKF,207,S.R.:140.76
6003-2Z SKF,221,S.R.:150.28
6003-2Z/C3 SKF,221,S.R.:150.28
6004 SKF,207,S.R.:140.76
6004/C3 SKF,207,S.R.:140.76
6004/HN3 SKF,240,S.R.:163.2
6004-RS1 SKF,242,S.R.:164.56
6004-RS1/C3 SKF,242,S.R.:164.56
6004-2RS1 SKF,269,S.R.:182.92
6004-2RS1/C3 SKF,269,S.R.:182.92
6004-Z SKF,227,S.R.:154.36
6004-Z/C3 SKF,227,S.R.:154.36
6004-2Z SKF,244,S.R.:165.92
6004-2Z/C3 SKF,244,S.R.:165.92
6004/CNHD8S0VG043 SKF,207,S.R.:140.76
6005 SKF,233,S.R.:158.44
6005/C3 SKF,233,S.R.:158.44
6005-RS1 SKF,260,S.R.:176.8
6005-RS1/C3 SKF,260,S.R.:176.8
6005-2RS1 SKF,296,S.R.:201.28
6005-2RS1/C3 SKF,296,S.R.:201.28
6005-Z SKF,256,S.R.:174.08
6005-Z/C3 SKF,256,S.R.:174.08
6005-2Z SKF,271,S.R.:184.28
6005-2Z/C3 SKF,271,S.R.:184.28
6006 SKF,301,S.R.:204.68
6006/C3 SKF,301,S.R.:204.68
6006-RS1/C3 SKF,321,S.R.:218.28
6006-2RS1 SKF,361,S.R.:245.48
6006-2RS1/C3 SKF,361,S.R.:245.48
6006-Z SKF,327,S.R.:222.36
6006-2Z SKF,351,S.R.:238.68
6006-2Z/C3 SKF,351,S.R.:238.68
6007 SKF,320,S.R.:217.6
6007/C3 SKF,320,S.R.:217.6
6007-RS1 SKF,365,S.R.:248.2
6007-RS1/C3 SKF,365,S.R.:248.2
6007-2RS1 SKF,406,S.R.:276.08
6007-2RS1/C3 SKF,406,S.R.:276.08
6007-2Z SKF,407,S.R.:276.76
6010 SKF,705,S.R.:479.4
6010/C3 SKF,705,S.R.:479.4
6010-2RS1 SKF,789,S.R.:536.52
6010-2Z SKF,784,S.R.:533.12
61804/C2LHT23 SKF,346,S.R.:235.28
61804/C3 SKF,346,S.R.:235.28
61805 SKF,232,S.R.:157.76
61902/C3 SKF,247,S.R.:167.96
61902-Z/C3 SKF,252,S.R.:171.36
61902-2Z SKF,250,S.R.:170
61905/C3 SKF,266,S.R.:180.88
61906/D8S0VB578 SKF,312,S.R.:212.16
6200 SKF,134,S.R.:91.12
6200/C3 SKF,134,S.R.:91.12
6200-RS1 SKF,171,S.R.:116.28
6200-2RS1 SKF,191,S.R.:129.88
6200-2RS1/C3 SKF,191,S.R.:129.88
6200-Z SKF,151,S.R.:102.68
6200-Z/C3 SKF,151,S.R.:102.68
6200-2Z SKF,168,S.R.:114.24
6200-2Z/C3 SKF,168,S.R.:114.24
6201 SKF,111,S.R.:75.48
6201/C3 SKF,111,S.R.:75.48
6201/VC4862 SKF,97,S.R.:65.96
6201-RS1 SKF,135,S.R.:91.8
6201-RS1/C3 SKF,135,S.R.:91.8
6201-2RS1 SKF,160,S.R.:108.8
6201-2RS1/C3 SKF,160,S.R.:108.8
6201-2RS1/C3LLHT23 SKF,160,S.R.:108.8
6201-Z SKF,128,S.R.:87.04
6201-Z/C3 SKF,128,S.R.:87.04
6201-2Z SKF,139,S.R.:94.52
6201-2Z/C3 SKF,139,S.R.:94.52
6202 SKF,123,S.R.:83.64
6202/C3 SKF,123,S.R.:83.64
6202/C3L SKF,108,S.R.:73.44
6202/HN3C3 SKF,124,S.R.:84.32
6202/HN3VG043 SKF,97,S.R.:65.96
6202-RS1 SKF,153,S.R.:104.04
6202-RS1/C3 SKF,153,S.R.:104.04
6202-RS1/MT33F9VG043 SKF,153,S.R.:104.04
6202-2RS1 SKF,171,S.R.:116.28
6202-2RS1/C2LHT23 SKF,171,S.R.:116.28
6202-2RS1/C3 SKF,171,S.R.:116.28
6202-2RS1/C3MTF7VG043 SKF,171,S.R.:116.28
6202-2RSH/C3 SKF,171,S.R.:116.28
6202-Z SKF,141,S.R.:95.88
6202-Z/C3 SKF,141,S.R.:95.88
6202-Z/C3MTF7VG043 SKF,103,S.R.:70.04
6202-2Z SKF,153,S.R.:104.04
6202-2Z/C3 SKF,153,S.R.:104.04
6202-2Z/MT33F9 SKF,153,S.R.:104.04
6202/VG043 SKF,147,S.R.:99.96
6202/S00VG043 SKF,123,S.R.:83.64
6203 SKF,157,S.R.:106.76
6203/C3 SKF,157,S.R.:106.76
6203/HN3C3 SKF,108,S.R.:73.44
6203/HN3C3VC4862 SKF,124,S.R.:84.32
6203-RS1 SKF,178,S.R.:121.04
6203-RS1/C3 SKF,178,S.R.:121.04
6203-RS1/C3VG043 SKF,130,S.R.:88.4
6203-2RS1 SKF,203,S.R.:138.04
6203-2RS1/C3 SKF,203,S.R.:138.04
6203-2RS1/C3GJNVP101 SKF,203,S.R.:138.04
6203-2RS1/C3MTF7 SKF,203,S.R.:138.04
6203-2RS1/C3HTF7 SKF,203,S.R.:138.04
6203-Z SKF,174,S.R.:118.32
6203-Z/C3 SKF,174,S.R.:118.32
6203-2Z SKF,190,S.R.:129.2
6203-2Z/C3 SKF,190,S.R.:129.2
6204 SKF,225,S.R.:153
6204 N SKF,225,S.R.:153
6204/C3 SKF,225,S.R.:153
6204/HN3C3L SKF,232,S.R.:157.76
6204-RS1 SKF,259,S.R.:176.12
6204-RS1/C3 SKF,259,S.R.:176.12
6204-2RS1 SKF,292,S.R.:198.56
6204-2RS1/C3 SKF,292,S.R.:198.56
6204-2RS1N SKF,293,S.R.:199.24
6204-Z SKF,250,S.R.:170
6204-Z/C3 SKF,250,S.R.:170
6204-Z/HN3 SKF,250,S.R.:170
6204-Z/HN3C3 SKF,250,S.R.:170
6204-2RZ SKF,297,S.R.:201.96
6204-2RZ/C3 SKF,297,S.R.:201.96
6204-2RZN/C3 SKF,297,S.R.:201.96
6204-2Z SKF,267,S.R.:181.56
6204-2Z/C3 SKF,267,S.R.:181.56
6204/D8 SKF,225,S.R.:153
6205 SKF,301,S.R.:204.68
6205 NR/C3 SKF,306,S.R.:208.08
6205/C3 SKF,301,S.R.:204.68
6205 E/HN3VK374 SKF,306,S.R.:208.08
6205/HN3 SKF,306,S.R.:208.08
6205-RS1 SKF,341,S.R.:231.88
6205-RS1/C3 SKF,341,S.R.:231.88
6205-2RS1 SKF,377,S.R.:256.36
6205-2RS1/C3 SKF,377,S.R.:256.36
6205-Z SKF,330,S.R.:224.4
6205-Z/C3 SKF,330,S.R.:224.4
6205-Z/HN3C3H SKF,330,S.R.:224.4
6205-2RZ SKF,366,S.R.:248.88
6205-2RZ/C3 SKF,366,S.R.:248.88
6205-2Z SKF,353,S.R.:240.04
6205-2Z/C3 SKF,353,S.R.:240.04
6206 SKF,454,S.R.:308.72
6206 N SKF,454,S.R.:308.72
6206 N/C3 SKF,454,S.R.:308.72
6206 NR/C3 SKF,454,S.R.:308.72
6206 TN9/C3VQ488 SKF,461,S.R.:313.48
6206/C3 SKF,454,S.R.:308.72
6206/HN3C3H SKF,454,S.R.:308.72
6206-RS1 SKF,492,S.R.:334.56
6206-RS1/C3 SKF,492,S.R.:334.56
6206-2RS1 SKF,522,S.R.:354.96
6206-2RS1/C3 SKF,522,S.R.:354.96
6206-2RS1/C3MT33 SKF,523,S.R.:355.64
6206-Z SKF,488,S.R.:331.84
6206-Z/C3 SKF,488,S.R.:331.84
6206-2Z SKF,524,S.R.:356.32
6206-2Z/C3 SKF,524,S.R.:356.32
6207 SKF,447,S.R.:303.96
6207/D8 SKF,447,S.R.:303.96
6207/C3 SKF,447,S.R.:303.96
6207/C3D8 SKF,447,S.R.:303.96
6207 N SKF,436,S.R.:296.48
6207 NR SKF,447,S.R.:303.96
6207 NR/C3 SKF,447,S.R.:303.96
6207-RS1 SKF,480,S.R.:326.4
6207-RS1/MT SKF,499,S.R.:339.32
6207-2RS1 SKF,530,S.R.:360.4
6207-2RS1/C3 SKF,530,S.R.:360.4
6207-Z SKF,486,S.R.:330.48
6207-Z/C3 SKF,486,S.R.:330.48
6207-2Z SKF,514,S.R.:349.52
6207-2Z/C3 SKF,514,S.R.:349.52
6208 SKF,539,S.R.:366.52
6208/C3 SKF,539,S.R.:366.52
6208 N SKF,549,S.R.:373.32
6208 N/C3 SKF,549,S.R.:373.32
6208 NR SKF,568,S.R.:386.24
6208 NR/C3 SKF,568,S.R.:386.24
6208-RS1 SKF,591,S.R.:401.88
6208-2RS1 SKF,631,S.R.:429.08
6208-2RS1/C3 SKF,631,S.R.:429.08
6208-Z SKF,585,S.R.:397.8
6208-Z/C3 SKF,585,S.R.:397.8
6208-2Z SKF,615,S.R.:418.2
6208-2Z/C3 SKF,615,S.R.:418.2
6209 SKF,651,S.R.:442.68
6209/C3 SKF,651,S.R.:442.68
6209-2RS1 SKF,739,S.R.:502.52
6209-2RS1/C3 SKF,739,S.R.:502.52
6209-Z SKF,696,S.R.:473.28
6209-Z/C3 SKF,696,S.R.:473.28
6209-2Z SKF,737,S.R.:501.16
6209-2Z/C3 SKF,737,S.R.:501.16
6210 SKF,684,S.R.:465.12
6210/C3 SKF,684,S.R.:465.12
6210 N SKF,688,S.R.:467.84
6210 N/C3 SKF,688,S.R.:467.84
6210 NR SKF,718,S.R.:488.24
6210-2RS1 SKF,910,S.R.:618.8
6210-2RS1/C3GJN SKF,910,S.R.:618.8
6210-Z SKF,740,S.R.:503.2
6210-ZNBR SKF,1092,S.R.:742.56
6210-Z/C3 SKF,740,S.R.:503.2
6210-2Z SKF,779,S.R.:529.72
6210-2Z/C3 SKF,779,S.R.:529.72
6211 SKF,896,S.R.:609.28
6211/C3 SKF,896,S.R.:609.28
6211-RS1 SKF,954,S.R.:648.72
6211-2RS1/HTF7 SKF,974,S.R.:662.32
6211-Z SKF,957,S.R.:650.76
6211-2Z SKF,993,S.R.:675.24
6211-2Z/C3 SKF,993,S.R.:675.24
6212 SKF,1020,S.R.:693.6
6212/C3 SKF,1020,S.R.:693.6
6212-2RS1 SKF,1177,S.R.:800.36
6212-2RS1/C3 SKF,1177,S.R.:800.36
6212-Z/C3 SKF,1162,S.R.:790.16
6212-2Z SKF,1175,S.R.:799
6212-2Z/C3 SKF,1175,S.R.:799
6213 SKF,1116,S.R.:758.88
6213/C3 SKF,1116,S.R.:758.88
6213-2Z SKF,1195,S.R.:812.6
6213-2Z/C3 SKF,1195,S.R.:812.6
628/D8 SKF,141,S.R.:95.88
628-2Z SKF,149,S.R.:101.32
629-2RS1 SKF,143,S.R.:97.24
629-2Z SKF,130,S.R.:88.4
629-2Z/C3 SKF,130,S.R.:88.4
63/28/C3HN3 SKF,619,S.R.:420.92
63006-2RS1/C4SOOHT SKF,513,S.R.:348.84
6301 SKF,114,S.R.:77.52
6301/C3 SKF,114,S.R.:77.52
6301-RS1 SKF,137,S.R.:93.16
6301-RS1/C3 SKF,137,S.R.:93.16
6301-RS1/VC5131F9 SKF,137,S.R.:93.16
6301-RS1/MTF7 SKF,137,S.R.:93.16
6301-RS1/MT33F9 SKF,137,S.R.:93.16
6301-RS1/C3MTF9 SKF,137,S.R.:93.16
6301-RS1/C3VC513F9 SKF,137,S.R.:93.16
6301-2RS1 SKF,148,S.R.:100.64
6301-2RS1/C3 SKF,148,S.R.:100.64
6301-2RS1/C3VC5131 SKF,148,S.R.:100.64
6301-2RS1/C3LGWF SKF,162,S.R.:110.16
6301-2RS1/VC5131F7 SKF,148,S.R.:100.64
6301-Z SKF,133,S.R.:90.44
6301-Z/MT33F9 SKF,133,S.R.:90.44
6301-Z/C3 SKF,133,S.R.:90.44
6301-2Z SKF,140,S.R.:95.2
6301-2Z/C3 SKF,140,S.R.:95.2
6302 SKF,231,S.R.:157.08
6302/C3 SKF,231,S.R.:157.08
6302-RS1 SKF,256,S.R.:174.08
6302-RS1/C3 SKF,256,S.R.:174.08
6302-RS1/C3H SKF,140,S.R.:95.2
6302-RS1/C3HVG043 SKF,130,S.R.:88.4
6302-2RS1 SKF,286,S.R.:194.48
6302-2RS1/C3 SKF,286,S.R.:194.48
6302-Z SKF,248,S.R.:168.64
6302-Z/C3 SKF,248,S.R.:168.64
6302-2Z SKF,256,S.R.:174.08
6302-2Z/C3 SKF,256,S.R.:174.08
6303 SKF,264,S.R.:179.52
6303/C3 SKF,264,S.R.:179.52
6303-RS1 SKF,298,S.R.:202.64
6303-RS1/C3 SKF,298,S.R.:202.64
6303-2RS1 SKF,328,S.R.:223.04
6303-2RS1/C3 SKF,328,S.R.:223.04
6303-2RS1/C3HTF7 SKF,328,S.R.:223.04
6303-Z SKF,289,S.R.:196.52
6303-Z/C3 SKF,289,S.R.:196.52
6303-2Z SKF,305,S.R.:207.4
6303-2Z/C3 SKF,305,S.R.:207.4
6304 SKF,227,S.R.:154.36
6304/C3 SKF,227,S.R.:154.36
6304 N SKF,241,S.R.:163.88
6304 N/C3 SKF,241,S.R.:163.88
6304/HN3C3LVB133 SKF,189,S.R.:128.52
6304-RS1 SKF,264,S.R.:179.52
6304-RS1/C3 SKF,264,S.R.:179.52
6304-2RS1 SKF,289,S.R.:196.52
6304-2RS1/C2LHT23 SKF,289,S.R.:196.52
6304-2RS1/MTF7 SKF,289,S.R.:196.52
6304-2RS1/C3 SKF,289,S.R.:196.52
6304-Z SKF,255,S.R.:173.4
6304-Z/C3 SKF,255,S.R.:173.4
6304-2Z SKF,268,S.R.:182.24
6304-2Z/C3 SKF,268,S.R.:182.24
6305 SKF,340,S.R.:231.2
6305/C3 SKF,340,S.R.:231.2
6305/C3H SKF,346,S.R.:235.28
6305 N SKF,342,S.R.:232.56
6305 N/C3 SKF,342,S.R.:232.56
6305-RS1 SKF,375,S.R.:255
6305-2RS1 SKF,403,S.R.:274.04
6305-2RS1/C3 SKF,403,S.R.:274.04
6305-Z SKF,365,S.R.:248.2
6305-Z/C3 SKF,365,S.R.:248.2
6305-2Z SKF,387,S.R.:263.16
6305-2Z/C3 SKF,387,S.R.:263.16
6306 SKF,475,S.R.:323
6306/C3 SKF,475,S.R.:323
6306 N SKF,476,S.R.:323.68
6306 N/C3 SKF,476,S.R.:323.68
6306 NR SKF,491,S.R.:333.88
6306-RS1/MT SKF,514,S.R.:349.52
6306-2RS1 SKF,544,S.R.:369.92
6306-2RS1/C3 SKF,544,S.R.:369.92
6306-Z SKF,505,S.R.:343.4
6306-Z/C3 SKF,505,S.R.:343.4
6306-2Z SKF,524,S.R.:356.32
6306-2Z/C3 SKF,524,S.R.:356.32
6306/HN3CNP SKF,470,S.R.:319.6
6307 SKF,552,S.R.:375.36
6307/C3 SKF,552,S.R.:375.36
6307 N SKF,554,S.R.:376.72
6307 N/C3 SKF,554,S.R.:376.72
6307 NR SKF,575,S.R.:391
6307 NR/C3 SKF,575,S.R.:391
6307-RS1/MT SKF,781,S.R.:531.08
6307-2RS1 SKF,781,S.R.:531.08
6307-2RS1/C3 SKF,781,S.R.:531.08
6307-2RS1NR/C3 SKF,796,S.R.:541.28
6307-Z SKF,582,S.R.:395.76
6307-Z/C3 SKF,582,S.R.:395.76
6307-2Z SKF,605,S.R.:411.4
6307-2Z/C3 SKF,605,S.R.:411.4
6307/D8 SKF,544,S.R.:369.92
6308 SKF,809,S.R.:550.12
6308/C3 SKF,809,S.R.:550.12
6308 N SKF,814,S.R.:553.52
6308 N/C3 SKF,814,S.R.:553.52
6308 NR SKF,840,S.R.:571.2
6308 NR/C3 SKF,840,S.R.:571.2
6308-Z SKF,861,S.R.:585.48
6308-Z/C3 SKF,861,S.R.:585.48
6308-ZN SKF,865,S.R.:588.2
6308-ZN/C3 SKF,865,S.R.:588.2
6308-ZNR SKF,894,S.R.:607.92
6308-2Z SKF,900,S.R.:612
6308-2Z/C3 SKF,900,S.R.:612
6308-2RZNR/C3 SKF,921,S.R.:626.28
6309 SKF,1323,S.R.:899.64
6309/C3 SKF,1323,S.R.:899.64
6309 N SKF,1332,S.R.:905.76
6309 N/C3 SKF,1332,S.R.:905.76
6309 NR SKF,1373,S.R.:933.64
6309 NR/C3 SKF,1373,S.R.:933.64
6309-RS1 SKF,1382,S.R.:939.76
6309-RS1/C3 SKF,1382,S.R.:939.76
6309-2RS1 SKF,1439,S.R.:978.52
6309-2RS1/C3 SKF,1439,S.R.:978.52
6309-Z SKF,1398,S.R.:950.64
6309-Z/C3 SKF,1398,S.R.:950.64
6309-2Z SKF,1439,S.R.:978.52
6309-2Z/C3 SKF,1439,S.R.:978.52
6310 SKF,1334,S.R.:907.12
6310/C3 SKF,1334,S.R.:907.12
6310 N SKF,1340,S.R.:911.2
6310 N/C3 SKF,1340,S.R.:911.2
6310 NR SKF,1382,S.R.:939.76
6310 NR/C3 SKF,1382,S.R.:939.76
6310-2RS1 SKF,1470,S.R.:999.6
6310-2RS1/C3 SKF,1470,S.R.:999.6
6310-Z SKF,1434,S.R.:975.12
6310-2Z SKF,1456,S.R.:990.08
6310-2Z/C3 SKF,1456,S.R.:990.08
6311 SKF,1956,S.R.:1330.08
6311/C3 SKF,1956,S.R.:1330.08
6311-2RS1 SKF,1992,S.R.:1354.56
6311-2RS1/HTF7 SKF,2088,S.R.:1419.84
6311-Z SKF,2054,S.R.:1396.72
6311-Z/C3 SKF,2054,S.R.:1396.72
6311-2Z SKF,2110,S.R.:1434.8
6311-2Z/C3 SKF,2110,S.R.:1434.8
6312 SKF,2311,S.R.:1571.48
6312/C3 SKF,2311,S.R.:1571.48
6312-2RS1 SKF,2458,S.R.:1671.44
6312-2RS1/C3 SKF,2458,S.R.:1671.44
6312-Z SKF,2418,S.R.:1644.24
6312-Z/C3 SKF,2418,S.R.:1644.24
6312-2Z SKF,2470,S.R.:1679.6
6312-2Z/C3 SKF,2470,S.R.:1679.6
6313 SKF,2648,S.R.:1800.64
6313/C2 SKF,2648,S.R.:1800.64
6313/C3 SKF,2648,S.R.:1800.64
6313-2RS1 SKF,2797,S.R.:1901.96
6313-2RS1/C3 SKF,2797,S.R.:1901.96
6313-Z SKF,2757,S.R.:1874.76
6313-Z/C3 SKF,2757,S.R.:1874.76
6313-2Z SKF,2814,S.R.:1913.52
6313-2Z/C3 SKF,2814,S.R.:1913.52
6313-2ZNR SKF,2874,S.R.:1954.32
6313-RS1/C3HTVT193 SKF,2665,S.R.:1812.2
QJ 209 MA/C2 SKF,1403,S.R.:954.04
QJ 309/C2 SKF,1435,S.R.:975.8
RLS 7 SKF,1431,S.R.:973.08
VKWM 1944 (BB1- 3902 ) SKF,316,S.R.:214.88
VKWM 1945 (BB1- 4764 B) SKF,270,S.R.:183.6
VKWM 1946 ( BB1-4788 ) SKF,259,S.R.:176.12
VKP 63031 (LS 8) SKF,276,S.R.:187.68
VKBC 1006 (MS12) SKF,632,S.R.:429.76
VKT 8023 (62/28) SKF,519,S.R.:352.92
VKT 8065 (6308/C3 RO) SKF,606,S.R.:412.08
VKT 8067 (6211/C3 RO) SKF,648,S.R.:440.64
VKEB 61033 (608 2Z) SKF,131,S.R.:89.08
VKT 8016 (6308-2RS1/C3) SKF,972,S.R.:660.96
VKT 8017 (6009-2RS1) SKF,1026,S.R.:697.68
VKT 8013  (6011-2Z) SKF,1312,S.R.:892.16
VKT 8025 (6015) SKF,1944,S.R.:1321.92
VKT 8014 (6214) SKF,2390,S.R.:1625.2
VKT 8015 (6314) SKF,3934,S.R.:2675.12
VKT 8018 (6011-2RS1) SKF,1521,S.R.:1034.28
VKT 8019 (6011) SKF,1126,S.R.:765.68
VKT 8020 (6012) SKF,1218,S.R.:828.24
VKT 8021 (6013) SKF,1707,S.R.:1160.76
VKWB 1782 (61903-2RS1) SKF,474,S.R.:322.32
VKT 8022 (6014) SKF,1803,S.R.:1226.04
02872/2/02820/2/Q SKF,765,S.R.:520.2
09067/09195/Q SKF,530,S.R.:360.4
15123/15245/Q SKF,524,S.R.:356.32
1988/1922/Q SKF,484,S.R.:329.12
24780/24720/Q SKF,672,S.R.:456.96
25572/25520/Q SKF,856,S.R.:582.08
25577/2/25523/2/Q SKF,870,S.R.:591.6
25580/25522/Q SKF,831,S.R.:565.08
25590/2/25520/2/Q SKF,945,S.R.:642.6
25590/2/25523/2/Q SKF,945,S.R.:642.6
25877/2/25821/2/Q SKF,723,S.R.:491.64
2789/2729/Q SKF,783,S.R.:532.44
28580/2/28521/2/Q SKF,936,S.R.:636.48
30203 J2/Q SKF,330,S.R.:224.4
30204 J2/Q SKF,363,S.R.:246.84
30205 J2/Q SKF,386,S.R.:262.48
30206 J2/Q SKF,511,S.R.:347.48
30207 J2/Q SKF,557,S.R.:378.76
30208 J2/Q SKF,867,S.R.:589.56
30209 J2/Q SKF,640,S.R.:435.2
30211 J2/Q SKF,1178,S.R.:801.04
30214 J2/Q SKF,1556,S.R.:1058.08
30215 J2/QCLN SKF,1655,S.R.:1125.4
30302 J2/Q SKF,371,S.R.:252.28
30305 C SKF,549,S.R.:373.32
30306 J2/QCLN SKF,644,S.R.:437.92
30308 J2/Q SKF,911,S.R.:619.48
30309 J2/Q SKF,1275,S.R.:867
30312 J2/Q SKF,2341,S.R.:1591.88
31309 J2/QCLN SKF,1346,S.R.:915.28
31594/2/31520/2 SKF,975,S.R.:663
320/32 X/Q SKF,441,S.R.:299.88
32004 X/Q SKF,455,S.R.:309.4
32006 X/Q SKF,452,S.R.:307.36
32007 X/Q SKF,568,S.R.:386.24
32008 X/Q SKF,632,S.R.:429.76
32010 X/Q SKF,770,S.R.:523.6
32012 X/QVB531 SKF,1154,S.R.:784.72
32013 X/QVB533 SKF,1226,S.R.:833.68
32014 X/Q SKF,1433,S.R.:974.44
32020 X/Q SKF,2410,S.R.:1638.8
32205 BJ2/Q SKF,456,S.R.:310.08
32207 J2/Q SKF,740,S.R.:503.2
32210 J2/Q SKF,969,S.R.:658.92
32211 J2/Q SKF,872,S.R.:592.96
32212 J2/Q (330201/Q) SKF,1349,S.R.:917.32
32213 J2/Q SKF,1911,S.R.:1299.48
32214 J2/Q SKF,1580,S.R.:1074.4
32216 J2/Q SKF,2420,S.R.:1645.6
32217 J2/Q SKF,2885,S.R.:1961.8
32218 J2/Q SKF,4806,S.R.:3268.08
32305 J2/Q SKF,659,S.R.:448.12
32307 J2/Q SKF,1070,S.R.:727.6
32308 J2/Q SKF,999,S.R.:679.32
32309 J2/Q SKF,1326,S.R.:901.68
32911/Q SKF,1155,S.R.:785.4
33005/Q SKF,496,S.R.:337.28
33010/Q SKF,892,S.R.:606.56
33019/Q SKF,2580,S.R.:1754.4
330201/Q SKF,1544,S.R.:1049.92
330356 B/Q (32213) SKF,1884,S.R.:1281.12
330632 C/Q (31312) SKF,2549,S.R.:1733.32
33108/U4Q SKF,724,S.R.:492.32
33111/QVB500 SKF,1253,S.R.:852.04
33112/Q SKF,1542,S.R.:1048.56
33215/Q SKF,2534,S.R.:1723.12
344/332/Q SKF,822,S.R.:558.96
3585/3525/Q SKF,1273,S.R.:865.64
3780/3720/Q SKF,1418,S.R.:964.24
3782/3720/Q SKF,1448,S.R.:984.64
387/382 A/Q SKF,1106,S.R.:752.08
395/394 A/Q SKF,1329,S.R.:903.72
395 A/394 A/Q SKF,1302,S.R.:885.36
395 S/394 A/Q SKF,1302,S.R.:885.36
39580/W/2/39520/2/Q SKF,2034,S.R.:1383.12
39581/39520/Q SKF,2034,S.R.:1383.12
3982/3920/2/Q SKF,1673,S.R.:1137.64
3984/2/3920/2/Q SKF,1538,S.R.:1045.84
39585/39520/Q SKF,1339,S.R.:910.52
399 A/394 A/QVB079 SKF,1267,S.R.:861.56
418/414/Q SKF,931,S.R.:633.08
42687/42620 SKF,1661,S.R.:1129.48
42690/42620/Q SKF,1982,S.R.:1347.76
462/453 X/VB535 SKF,1342,S.R.:912.56
47487/47420 X SKF,1615,S.R.:1098.2
482/472/Q SKF,1528,S.R.:1039.04
497/492 A/Q SKF,2896,S.R.:1969.28
535/532 A SKF,1386,S.R.:942.48
539/532 X SKF,1242,S.R.:844.56
566/563/Q SKF,1434,S.R.:975.12
567/563 SKF,1612,S.R.:1096.16
575/572/Q SKF,2017,S.R.:1371.56
580/572/Q SKF,1498,S.R.:1018.64
55200 C/55437/QVE807 SKF,2252,S.R.:1531.36
6379/K-6320/Q SKF,2830,S.R.:1924.4
683/672/Q SKF,2742,S.R.:1864.56
687/672/Q SKF,2906,S.R.:1976.08
72212/2/72487/2/Q SKF,1583,S.R.:1076.44
BT1-0017 A/Q SKF,403,S.R.:274.04
BT1-0230/Q SKF,2799,S.R.:1903.32
BT1-0381/Q SKF,1158,S.R.:787.44
BT1-0500/Q SKF,2932,S.R.:1993.76
BT1-0501/Q SKF,2266,S.R.:1540.88
BT1-0702/Q SKF,1418,S.R.:964.24
BT1-1066/Q SKF,1339,S.R.:910.52
BT1B 329013 A/Q SKF,509,S.R.:346.12
BT1-0589(30311) SKF,1777,S.R.:1208.36
BT1-0677(30315) SKF,3240,S.R.:2203.2
BT1-0643(31308) SKF,1150,S.R.:782
HM 212049/011 SKF,2076,S.R.:1411.68
HM 903249/2/210/2/Q SKF,1478,S.R.:1005.04
JLM 710949/910/Q SKF,1204,S.R.:818.72
LM 11949/910/Q SKF,478,S.R.:325.04
LM 29749 F/711/Q SKF,534,S.R.:363.12
LM 29749/710/QCL7CVA607 SKF,594,S.R.:403.92
LM 48548/510/Q SKF,432,S.R.:293.76
LM 501349/310/Q SKF,621,S.R.:422.28
LM 501349/314/Q SKF,816,S.R.:554.88
LM 603049/011 SKF,797,S.R.:541.96
LM 603049/012/Q SKF,611,S.R.:415.48
M 12649/610/Q SKF,516,S.R.:350.88
M 802048/011/Q SKF,1224,S.R.:832.32
M 86649/2/610/2/Q SKF,813,S.R.:552.84
M 88048/010/Q SKF,791,S.R.:537.88
VKT 8001 (30210) SKF,638,S.R.:433.84
VKT 8002 (31312 L) SKF,2184,S.R.:1485.12
VKT 8024 (32005 X) SKF,386,S.R.:262.48
VKBC 1000 (30213) SKF,1287,S.R.:875.16
VKBC 1007 (32206) SKF,531,S.R.:361.08
VKBC 1002 (32208) SKF,660,S.R.:448.8
VKBC 1001 (30304) SKF,380,S.R.:258.4
VKBC 1003 (32220) SKF,4292,S.R.:2918.56
VKBC 1004 (33210) SKF,1381,S.R.:939.08
VKBC 1005 (33211) SKF,1539,S.R.:1046.52
VKBC 1009 (33217) SKF,2554,S.R.:1736.72
VKBC 1018 (32009X) SKF,629,S.R.:427.72
VKT 8047 (33209) SKF,784,S.R.:533.12
VKT 8061 (32306) SKF,596,S.R.:405.28
VKT 8059 (3659) SKF,460,S.R.:312.8
VKT 8004 (32310) SKF,1379,S.R.:937.72
VKT 8006 (15100S/15250X) SKF,487,S.R.:331.16
VKT 8009 (3188S/3120) SKF,790,S.R.:537.2
BT1-0523/VU1006 (30307 type) SKF,900,S.R.:612
BT1-0524/VU1006 (32208 type) SKF,744,S.R.:505.92
BT1-0525/VU1006 (32209 type) SKF,779,S.R.:529.72
BT1-0526/VU1006 (30210 type) SKF,725,S.R.:493
BT1-0528 A/VU1006 (30216 type) SKF,1844,S.R.:1253.92
BT1-0530/VU1006 (32219 type) SKF,4010,S.R.:2726.8
BT1-0545 A/VU1006 (30212 type) SKF,1106,S.R.:752.08
BT1-0553 A/VU1006 (32220 type) SKF,5259,S.R.:3576.12
VKBC 0959 (33207/Q) SKF,2059,S.R.:1400.12
VKBC 0960 (33205/Q) SKF,1320,S.R.:897.6
VKBC 0962 (32011 X/Q) SKF,1425,S.R.:969
VKBC 0964 (33012/Q) SKF,6175,S.R.:4199
VKBC 0929 (32215 J2/Q) SKF,1848,S.R.:1256.64
VKBC 0957 (497/460 L) SKF,1722,S.R.:1170.96
VKBC 0958 (U 399/360 A/L) SKF,1454,S.R.:988.72
VKT 8012 (30310 J2/Q) SKF,2874,S.R.:1954.32
VKT 8091 SKF,5225,S.R.:3553
VKT 8008  (22212CC) SKF,2350,S.R.:1598
VKT 8010 (NJ 310 N) SKF,1152,S.R.:783.36
VKT 8064 (NU2209EMN) SKF,896,S.R.:609.28
VKT 8056 (NUP 310 NR) SKF,1134,S.R.:771.12
VKT 8051 (NU 310 N) SKF,1134,S.R.:771.12
VKT 8060 (NU 309 E) SKF,830,S.R.:564.4
6001/VU350/C3 SKF,97,S.R.:65.96
6001/VU350-2RS1/MT33F9 SKF,138,S.R.:93.84
6001/VU350-RS1/MT33F9 SKF,128,S.R.:87.04
6004/VU350 SKF,133,S.R.:90.44
6004/VU350-2RS1/MT33F9 SKF,168,S.R.:114.24
6004/VU350-RS1/MT33F9 SKF,148,S.R.:100.64
6201/VU350/C3 SKF,104,S.R.:70.72
6201/VU350-2RS1/MT33F9 SKF,122,S.R.:82.96
6201/VU350-RS1/MT33F9 SKF,100,S.R.:68
6202/VU350/C3 SKF,90,S.R.:61.2
6202/VU350-2RS1/MT33F9 SKF,129,S.R.:87.72
6202/VU350-RS1/MT33F9 SKF,114,S.R.:77.52
6203/VU350/C3 SKF,102,S.R.:69.36
6203/VU350-2RS1/MT33F9 SKF,143,S.R.:97.24
6203/VU350-RS1/MT33F9 SKF,126,S.R.:85.68
6205/VU350/C3 SKF,194,S.R.:131.92
6205/VU350-2RS1/MT33F9 SKF,265,S.R.:180.2
6205/VU350-RS1/MT33F9 SKF,235,S.R.:159.8
6301/VU350/C3 SKF,90,S.R.:61.2
6301/VU350-2RS1/MT33F9 SKF,117,S.R.:79.56
6301/VU350-RS1/MT33F9/04 SKF,97,S.R.:65.96
6304/VU350/C3 SKF,184,S.R.:125.12
6304/VU350-2RS1/MT33F9 SKF,224,S.R.:152.32
6304/VU350-RS1/MT33F9 SKF,214,S.R.:145.52
6204/VU350 SKF,158,S.R.:107.44
6204/VU350-2RS1/MT33F9 SKF,214,S.R.:145.52
6200/VU350 SKF,92,S.R.:62.56
6200/VU350-RS1/MT SKF,112,S.R.:76.16
6200/VU350-2RS1 SKF,133,S.R.:90.44
6302/VU350 SKF,143,S.R.:97.24
6302/VU350-RS1/MT SKF,163,S.R.:110.84
6302/VU350-2RS1 SKF,184,S.R.:125.12
BB1-3752 A/VU350 SKF,215,S.R.:146.2
VKBA 3873 SKF,698,S.R.:474.64
VKBA 3874 SKF,618,S.R.:420.24
VKBA 3875 SKF,511,S.R.:347.48
VKBA 3876 SKF,652,S.R.:443.36
VKBA 3877 SKF,740,S.R.:503.2
VKBA 3878 SKF,1222,S.R.:830.96
VKBA 3879 SKF,930,S.R.:632.4
VKBA 3880 SKF,1079,S.R.:733.72
VKBA 8001 SKF,2866,S.R.:1948.88
VKBA 8002 SKF,4429,S.R.:3011.72
VKBA 8003 SKF,3404,S.R.:2314.72
VKBA 8004 SKF,6132,S.R.:4169.76
VKBA 8005 SKF,4635,S.R.:3151.8
VKBA 8006 SKF,5011,S.R.:3407.48
VKBA 8007 SKF,3357,S.R.:2282.76
VKBA 8008 SKF,1956,S.R.:1330.08
VKBA 8009 SKF,3876,S.R.:2635.68
VKBC 0560 SKF,732,S.R.:497.76
VKBC 0900 SKF,2484,S.R.:1689.12
VKBC 0901 SKF,843,S.R.:573.24
VKBC 0902 SKF,860,S.R.:584.8
VKBC 0903 SKF,1714,S.R.:1165.52
VKBC 0904 SKF,3113,S.R.:2116.84
VKBC 0905 SKF,3786,S.R.:2574.48
VKBC 0906 SKF,853,S.R.:580.04
VKBC 0907 SKF,1449,S.R.:985.32
VKBC 0908 SKF,8603,S.R.:5850.04
VKBC 0910 SKF,3945,S.R.:2682.6
VKBC 0911 SKF,3874,S.R.:2634.32
VKBC 0912 SKF,2717,S.R.:1847.56
VKBC 0913 SKF,5653,S.R.:3844.04
VKBC 0914 SKF,4721,S.R.:3210.28
VKBC 0915 SKF,2002,S.R.:1361.36
VKBC 0916 SKF,3110,S.R.:2114.8
VKBC 0917 SKF,4905,S.R.:3335.4
VKBC 0919 SKF,3803,S.R.:2586.04
VKBC 0920 SKF,4347,S.R.:2955.96
VKBC 0921 SKF,3954,S.R.:2688.72
VKBC 0922 SKF,3011,S.R.:2047.48
VKBC 0923 SKF,3291,S.R.:2237.88
VKBC 0924 SKF,1244,S.R.:845.92
VKBC 0925 SKF,2986,S.R.:2030.48
VKBC 0926 SKF,1960,S.R.:1332.8
VKBC 0927 SKF,3023,S.R.:2055.64
VKBC 0928 SKF,1368,S.R.:930.24
VKBC 0930 SKF,1365,S.R.:928.2
VKBC 0931 SKF,1781,S.R.:1211.08
VKBC 0932 SKF,1092,S.R.:742.56
VKBC 0933 SKF,7945,S.R.:5402.6
VKBC 0934 SKF,2824,S.R.:1920.32
VKBC 0935 SKF,1123,S.R.:763.64
VKBC 0936 SKF,759,S.R.:516.12
VKBC 0937 SKF,846,S.R.:575.28
VKBC 0938 SKF,1349,S.R.:917.32
VKBC 0939 SKF,1695,S.R.:1152.6
VKBC 0940 SKF,3670,S.R.:2495.6
VKBC 0941 SKF,1931,S.R.:1313.08
VKBC 0942 SKF,2456,S.R.:1670.08
VKBC 0943 SKF,1939,S.R.:1318.52
VKBC 0944 SKF,4617,S.R.:3139.56
VKBC 0945 SKF,3126,S.R.:2125.68
VKBC 0946 SKF,895,S.R.:608.6
VKBC 0947 SKF,5711,S.R.:3883.48
VKBC 0948 SKF,1766,S.R.:1200.88
VKBC 0949 SKF,1316,S.R.:894.88
VKBC 0950 SKF,2106,S.R.:1432.08
VKBC 0951 SKF,2237,S.R.:1521.16
VKBC 0952 SKF,872,S.R.:592.96
VKBC 0953 SKF,1398,S.R.:950.64
VKBC 0954 SKF,1361,S.R.:925.48
VKBC 0955 SKF,2123,S.R.:1443.64
VKBC 0956 SKF,1492,S.R.:1014.56
VKBC 0977 SKF,1361,S.R.:925.48
VKBC 0978 SKF,927,S.R.:630.36
VKBC 0985 SKF,3381,S.R.:2299.08
VKBC 0986 SKF,11868,S.R.:8070.24
VKBC 0987 SKF,1159,S.R.:788.12
VKBC 0989 SKF,3010,S.R.:2046.8
VKBC 0990 SKF,1048,S.R.:712.64
VKBC 0991 SKF,2495,S.R.:1696.6
VKBC 0992 SKF,1310,S.R.:890.8
VKEB 61001 SKF,418,S.R.:284.24
VKEB 61002 SKF,431,S.R.:293.08
VKEB 61003 SKF,500,S.R.:340
VKEB 61004 SKF,353,S.R.:240.04
VKEB 61005 SKF,354,S.R.:240.72
VKEB 61031 SKF,231,S.R.:157.08
VKEB 61032 SKF,2559,S.R.:1740.12
VKEB 61034 SKF,964,S.R.:655.52
VKP 62001 SKF,800,S.R.:544
VKP 62002 SKF,623,S.R.:423.64
VKP 63001 SKF,799,S.R.:543.32
VKP 63002 SKF,670,S.R.:455.6
VKP 63003 SKF,267,S.R.:181.56
VKP 63004 SKF,678,S.R.:461.04
VKTC 0900 SKF,2643,S.R.:1797.24
VKTC 0901 SKF,1508,S.R.:1025.44
VKTC 0902 SKF,1879,S.R.:1277.72
VKTC 0903 SKF,4004,S.R.:2722.72
VKTC 0904 SKF,1076,S.R.:731.68
VKTC 0905 SKF,2321,S.R.:1578.28
VKTC 0906 SKF,933,S.R.:634.44
VKTC 0907 SKF,1587,S.R.:1079.16
VKTC 0908 SKF,665,S.R.:452.2
VKTC 0909 SKF,2752,S.R.:1871.36
VKTC 0910 SKF,1687,S.R.:1147.16
VKTC 0911 SKF,3156,S.R.:2146.08
VKTC 0912 SKF,2805,S.R.:1907.4
VKTC 0913 SKF,2890,S.R.:1965.2
VKTC 0914 SKF,4314,S.R.:2933.52
VKTC 0915 SKF,2489,S.R.:1692.52
VKTC 0916 SKF,4653,S.R.:3164.04
VKTC 0917 SKF,1350,S.R.:918
VKTC 0918 SKF,1416,S.R.:962.88
VKTC 0919 SKF,2319,S.R.:1576.92
VKTC 0920 SKF,2215,S.R.:1506.2
VKTC 0921 SKF,2832,S.R.:1925.76
VKTC 0922 SKF,1471,S.R.:1000.28
VKTC 0923 SKF,2351,S.R.:1598.68
VKTC 0924 SKF,5088,S.R.:3459.84
VKTC 0930 SKF,1089,S.R.:740.52
VKTC 0931 SKF,1049,S.R.:713.32
VKTC 0932 SKF,1205,S.R.:819.4
VKTC 0934 SKF,1449,S.R.:985.32
VKTC 0935 SKF,1184,S.R.:805.12
VKTC 0936 SKF,665,S.R.:452.2
VKTC 0937 SKF,1448,S.R.:984.64
VKTC 0938 SKF,2009,S.R.:1366.12
VKTC 0939 SKF,516,S.R.:350.88
VKTC 0940 SKF,775,S.R.:527
VKTC 0941 SKF,220,S.R.:149.6
VKTC 0942 SKF,825,S.R.:561
VKTC 0943 SKF,705,S.R.:479.4
VKTC 0944 SKF,945,S.R.:642.6
VKTC 0945 SKF,2309,S.R.:1570.12
VKTC 0946 SKF,1026,S.R.:697.68
VKTC 0947 SKF,2419,S.R.:1644.92
VKTC 0948 SKF,2840,S.R.:1931.2
VKTC 0949 SKF,460,S.R.:312.8
VKTC 0950 SKF,393,S.R.:267.24
VKTC 0951 SKF,831,S.R.:565.08
VKTC 0952 SKF,1589,S.R.:1080.52
VKTC 0953 SKF,777,S.R.:528.36
VKTC 0954 SKF,422,S.R.:286.96
VKTC 0955 SKF,825,S.R.:561
VKTC 0956 SKF,601,S.R.:408.68
VKTC 0957 SKF,1333,S.R.:906.44
VKTC 0958 SKF,1537,S.R.:1045.16
VKTC 0959 SKF,782,S.R.:531.76
VKTC 0960 SKF,420,S.R.:285.6
VKTC 0961 SKF,1894,S.R.:1287.92
VKTC 0962 SKF,1379,S.R.:937.72
VKTC 0963 SKF,1188,S.R.:807.84
VKTC 0964 SKF,1589,S.R.:1080.52
VKTC 0965 SKF,869,S.R.:590.92
VKTC 0966 SKF,1843,S.R.:1253.24
VKTC 0967 SKF,1463,S.R.:994.84
VKTC 0968 SKF,474,S.R.:322.32
VKTC 0970 SKF,1663,S.R.:1130.84
VKTC 0971 SKF,1116,S.R.:758.88
VKTC 0972 SKF,269,S.R.:182.92
VKTC 0973 SKF,1328,S.R.:903.04
VKTC 0975 SKF,840,S.R.:571.2
VKTC 0976 SKF,2839,S.R.:1930.52
VKWB 1702 SKF,308,S.R.:209.44
VKWB 1703 SKF,247,S.R.:167.96
VKWB 1704 SKF,216,S.R.:146.88
VKWB 1705 SKF,259,S.R.:176.12
VKWB 1706 SKF,322,S.R.:218.96
VKWB 1707 SKF,255,S.R.:173.4
VKWB 1708 SKF,267,S.R.:181.56
VKWB 1709 SKF,216,S.R.:146.88
VKWB 1710 SKF,220,S.R.:149.6
VKWB 1711 SKF,198,S.R.:134.64
VKWB 1712 SKF,359,S.R.:244.12
VKWB 1713 SKF,391,S.R.:265.88
VKWB 1714 SKF,635,S.R.:431.8
VKWB 1721 SKF,225,S.R.:153
VKWB 1722 SKF,308,S.R.:209.44
VKWB 1723 SKF,173,S.R.:117.64
VKWB 1724 SKF,260,S.R.:176.8
VKWB 1730 SKF,656,S.R.:446.08
VKWB 1731 SKF,379,S.R.:257.72
VKWB 1740 SKF,225,S.R.:153
VKWB 1743 SKF,495,S.R.:336.6
VKWB 1760 SKF,216,S.R.:146.88
VKWB 1761 SKF,200,S.R.:136
VKWB 1762 SKF,337,S.R.:229.16
VKWB 1763 SKF,245,S.R.:166.6
VKWB 1780 SKF,219,S.R.:148.92
VKWB 1781 SKF,354,S.R.:240.72
VKWB 1783 SKF,837,S.R.:569.16
VKWB 1784 SKF,949,S.R.:645.32
VKWB 1785 SKF,416,S.R.:282.88
VKWB 1786 SKF,423,S.R.:287.64
VKWB 1787 SKF,199,S.R.:135.32
VKWB 1900 SKF,311,S.R.:211.48
VKWB 1920 SKF,231,S.R.:157.08
VKWB 1921 SKF,474,S.R.:322.32
VKWB 1940 SKF,242,S.R.:164.56
VKWB 1941 SKF,189,S.R.:128.52
VKWM 1721 SKF,396,S.R.:269.28
VKWM 1722 SKF,444,S.R.:301.92
VKWM 1723 SKF,319,S.R.:216.92
VKWM 1724 SKF,926,S.R.:629.68
VKWM 1741 SKF,326,S.R.:221.68
VKWM 1742 SKF,377,S.R.:256.36
VKWM 1761 SKF,396,S.R.:269.28
VKWM 1762 SKF,406,S.R.:276.08
VKWM 1763 SKF,444,S.R.:301.92
VKWM 1764 SKF,644,S.R.:437.92
VKWM 1765 SKF,611,S.R.:415.48
VKWM 1781 SKF,541,S.R.:367.88
VKWM 1782 SKF,385,S.R.:261.8
VKWM 1783 SKF,542,S.R.:368.56
VKWM 1784 SKF,380,S.R.:258.4
VKWM 1785 SKF,907,S.R.:616.76
VKWM 1900 SKF,358,S.R.:243.44
VKWM 1901 SKF,570,S.R.:387.6
VKWM 1902 SKF,485,S.R.:329.8
VKWM 1903 SKF,949,S.R.:645.32
VKWM 1904 SKF,319,S.R.:216.92
VKWM 1905 SKF,233,S.R.:158.44
VKWM 1906 SKF,275,S.R.:187
VKWM 1907 SKF,646,S.R.:439.28
VKWM 1908 SKF,514,S.R.:349.52
VKWM 1909 SKF,514,S.R.:349.52
VKWM 1910 SKF,248,S.R.:168.64
VKWM 1941 SKF,593,S.R.:403.24
VKWM 1942 SKF,495,S.R.:336.6
VKWM 1943 SKF,254,S.R.:172.72
VKWM 2201 SKF,224,S.R.:152.32
VKWM 2202 SKF,347,S.R.:235.96
VKWM 2203 SKF,335,S.R.:227.8
VKWM 2204 SKF,374,S.R.:254.32
VKWM 2206 SKF,439,S.R.:298.52
VKWM 2207 SKF,556,S.R.:378.08
VKWM 2208 SKF,554,S.R.:376.72
VKWM 2209 SKF,478,S.R.:325.04
VKWM 2210 SKF,515,S.R.:350.2
VKWM 2211 SKF,453,S.R.:308.04
VKWM 2212 SKF,308,S.R.:209.44
VKWM 2214 SKF,348,S.R.:236.64
VKWM 2215 SKF,247,S.R.:167.96
VKWM 2216 SKF,244,S.R.:165.92
VKWM 2217 SKF,495,S.R.:336.6
VKWM 2218 SKF,467,S.R.:317.56
VKBC 1021 SKF,2871,S.R.:1952.28
VKBC 1022 SKF,1933,S.R.:1314.44
VKBC 1023 SKF,2772,S.R.:1884.96
VKBC 1020 SKF,5732,S.R.:3897.76
BAH-0013 D SKF,1407,S.R.:956.76
BAH-0036 SKF,1138,S.R.:773.84
BAH-0052 SKF,963,S.R.:654.84
BAH-0052 C SKF,1088,S.R.:739.84
BAH-0087 SKF,842,S.R.:572.56
BAH-0104 SKF,942,S.R.:640.56
BAH-0109 B SKF,1116,S.R.:758.88
BAH-0179 SKF,1007,S.R.:684.76
BAH-0202B SKF,1000,S.R.:680
BAH-0221 SKF,747,S.R.:507.96
BAH-0229 SKF,1055,S.R.:717.4
BAH-0230 SKF,963,S.R.:654.84
BAH-0259 A SKF,1305,S.R.:887.4
BAH-0261 SKF,1474,S.R.:1002.32
BAH-0263 SKF,1548,S.R.:1052.64
BAH-0265 SKF,761,S.R.:517.48
BAH-0275 SKF,1072,S.R.:728.96
BAH-0278 SKF,1049,S.R.:713.32
BAHB-636193 C SKF,1191,S.R.:809.88
BAHB-636149 CC SKF,1500,S.R.:1020
BAHB-636149 CD SKF,1310,S.R.:890.8
BTH-1024 AE SKF,1889,S.R.:1284.52
BTH-1206 AB SKF,2085,S.R.:1417.8
BTH-1238 SKF,1529,S.R.:1039.72
VKBC 1008  (BTHB 329129 DE) SKF,2038,S.R.:1385.84
BTH-1256 SKF,1902,S.R.:1293.36
BTH-1258 SKF,1900,S.R.:1292
BTH-1265 A SKF,1956,S.R.:1330.08
VKBC 0968 SKF,2121,S.R.:1442.28
VKBC 0969 SKF,3131,S.R.:2129.08
VKBC 0970 SKF,3131,S.R.:2129.08
VKBC 0971 SKF,1717,S.R.:1167.56
VKBC 0979 SKF,1768,S.R.:1202.24
VKBC 0980 SKF,5303,S.R.:3606.04
VKBC 0981 SKF,4798,S.R.:3262.64
VKBC 0993 SKF,3434,S.R.:2335.12
VKBC 0994 SKF,3131,S.R.:2129.08
VKBC 0995 SKF,3030,S.R.:2060.4
VKBC 0996 SKF,3384,S.R.:2301.12
VKBC 0997 SKF,4293,S.R.:2919.24
VKBC 0998 SKF,5303,S.R.:3606.04
VKBC 0999 SKF,5050,S.R.:3434
BB1-0016 A SKF,294,S.R.:199.92
BB1-0037 CE (6203 type) SKF,217,S.R.:147.56
BB1-0078 SKF,457,S.R.:310.76
BB1-0097 (6201 type) SKF,163,S.R.:110.84
BB1-0234 (6205 type) SKF,256,S.R.:174.08
BB1-0372 AB (6202 type) SKF,170,S.R.:115.6
BB1-0372 BE SKF,170,S.R.:115.6
BB1-0382 (6202 type) SKF,185,S.R.:125.8
BB1-0390 A (6200 type) SKF,188,S.R.:127.84
BB1-0420 A (6002 type) SKF,153,S.R.:104.04
BB1-0434 (6303 type) SKF,255,S.R.:173.4
BB1-0434 A (6303 type) SKF,255,S.R.:173.4
BB1-4724 B SKF,232,S.R.:157.76
BB1-0563 (6205 type) SKF,293,S.R.:199.24
BB1-0596 (62/22  type) SKF,244,S.R.:165.92
BB1-0633 A (6303  type) SKF,392,S.R.:266.56
BB1-0697 A SKF,117,S.R.:79.56
BB1-0877 SKF,538,S.R.:365.84
BB1-3040 A (BB1-3040 type) SKF,480,S.R.:326.4
BB1-3065 DC (BB1-3065 CE type) SKF,338,S.R.:229.84
BB1-3065 EA (6303 type) SKF,338,S.R.:229.84
BB1-3150 ( 6006 ) SKF,355,S.R.:241.4
BB1-3169 (6308/VE250 type) SKF,968,S.R.:658.24
BB1-3191/HN3 (BB1-3191 type) SKF,536,S.R.:364.48
BB1-3191 SKF,485,S.R.:329.8
BB1-3264 (6305 type) SKF,975,S.R.:663
BB1-3273  (6308 E type) SKF,1256,S.R.:854.08
BB1-3273 A SKF,1155,S.R.:785.4
BB1-3274 SKF,539,S.R.:366.52
BB1-3275 (6307 E type) SKF,1115,S.R.:758.2
BB1-3284 (6206 type) SKF,712,S.R.:484.16
BB1-3358 (6213 type) SKF,1855,S.R.:1261.4
BB1-3374 (6308/VE250 type) SKF,650,S.R.:442
BB1-3459 (6306 E type) SKF,565,S.R.:384.2
BB1-4700 A  (61804 type) SKF,167,S.R.:113.56
BB1-4701 (6302 type) SKF,405,S.R.:275.4
BB1-4702 A (6302 type) SKF,258,S.R.:175.44
BB1-4704 (6203 type) SKF,244,S.R.:165.92
BB1-4705 AE SKF,365,S.R.:248.2
BB1-4705 B (6305 E type) SKF,365,S.R.:248.2
BB1-4705 BA SKF,308,S.R.:209.44
BB1-4712 (6004 type) SKF,225,S.R.:153
BB1-4714 (6004 type) SKF,204,S.R.:138.72
BB1-4719 SKF,391,S.R.:265.88
BB1-4721 (6003 type) SKF,184,S.R.:125.12
BB1-4722 (6203 type) SKF,184,S.R.:125.12
BB1- 4728 (6206 type) SKF,363,S.R.:246.84
BB1-4730 SKF,162,S.R.:110.16
BB1-4751 C SKF,198,S.R.:134.64
BB1-4752 C SKF,187,S.R.:127.16
BB1-4758 E SKF,139,S.R.:94.52
BB1-4787 A SKF,118,S.R.:80.24
BB1-4800 SKF,342,S.R.:232.56
BB1-4823 SKF,184,S.R.:125.12
BB1B 446740 CD SKF,623,S.R.:423.64
BB1B 446740 CE SKF,706,S.R.:480.08
BB1B 630819 A (6304 type) SKF,355,S.R.:241.4
BB1B 630819 A/HN3 (6304 type) SKF,355,S.R.:241.4
BB1B 631046 B SKF,462,S.R.:314.16
